{
   "Camera": {
      "pitch": 9.79989147186279,
      "position": [
         1.94816792011261,
         3.48664832115173,
         -8.8241081237793
      ],
      "yaw": 723.753784179688
   },
   "Cube": {
      "color": [
         0.130785763263702,
         0.3186274766922,
         0.0983996614813805
      ],
      "model": 0,
      "position": [
         0.0,
         0.0,
         0.0
      ],
      "rotation": [
         0.0,
         -1.10000002384186,
         0.200000002980232
      ],
      "scale": [
         50.0,
         0.100000001490116,
         50.0
      ],
      "shader": 0
   },
   "Cube1": {
      "color": [
         0.455882370471954,
         0.455881655216217,
         0.225706472992897
      ],
      "model": 0,
      "position": [
         3.0,
         1.0,
         5.0
      ],
      "rotation": [
         0.0,
         -1.10000002384186,
         0.200000002980232
      ],
      "scale": [
         1.0,
         1.0,
         1.0
      ],
      "shader": 0
   },
   "Light": {
      "ambient": 0.560000002384186,
      "position": [
         1.10000002384186,
         3.30000019073486,
         4.70000028610229
      ],
      "specular": 0.21000000834465
   },
   "Scene": {
      "count": 2,
      "names": [
         "Cube",
         "Cube1"
      ]
   }
}
