{
   "Camera": {
      "pitch": 14.5999050140381,
      "position": [
         37.3165435791016,
         11.1051959991455,
         4.0102710723877
      ],
      "yaw": -448.831787109375
   },
   "Cube": {
      "model": 0,
      "position": [
         0.0,
         0.0,
         0.0
      ],
      "rotation": [
         0.0,
         -1.10000002384186,
         0.200000002980232
      ],
      "scale": [
         50.0,
         0.100000001490116,
         50.0
      ],
      "shader": 0
   },
   "Cube1": {
      "model": 0,
      "position": [
         -5.0,
         1.0,
         5.0
      ],
      "rotation": [
         0.0,
         -1.10000002384186,
         0.200000002980232
      ],
      "scale": [
         1.0,
         1.0,
         1.0
      ],
      "shader": 0
   },
   "Light": {
      "ambient": 0.560000002384186,
      "position": [
         1.10000002384186,
         3.30000019073486,
         4.70000028610229
      ],
      "specular": 0.21000000834465
   },
   "Scene": {
      "count": 2,
      "names": [
         "Cube",
         "Cube1"
      ]
   }
}
