{
   "Blue": {
      "ambient": 0.5,
      "color": [
         0.0635813027620316,
         0.210807174444199,
         0.617647051811218
      ],
      "model": 0,
      "position": [
         -58.7000045776367,
         1.5,
         26.4000015258789
      ],
      "rotation": [
         0.0,
         0.0,
         0.0
      ],
      "scale": [
         1.0,
         1.0,
         1.0
      ],
      "shader": 0,
      "specular": 0.5
   },
   "Camera": {
      "pitch": 10.999906539917,
      "position": [
         1.18150842189789,
         5.26777601242065,
         -12.5912761688232
      ],
      "yaw": 724.754699707031
   },
   "Ground": {
      "ambient": 0.390000015497208,
      "color": [
         0.0808823555707932,
         0.25,
         0.105751290917397
      ],
      "model": 0,
      "position": [
         0.0,
         0.0,
         0.0
      ],
      "rotation": [
         0.0,
         -1.10000002384186,
         0.200000002980232
      ],
      "scale": [
         80.0,
         0.100000001490116,
         80.0
      ],
      "shader": 0,
      "specular": 0.0
   },
   "Light": {
      "position": [
         1.10000002384186,
         16.9000015258789,
         4.70000028610229
      ]
   },
   "Red": {
      "ambient": 0.5,
      "color": [
         0.730392158031464,
         0.118151657283306,
         0.118151657283306
      ],
      "model": 0,
      "position": [
         60.5000038146973,
         1.5,
         47.0000038146973
      ],
      "rotation": [
         0.0,
         0.0,
         0.0
      ],
      "scale": [
         1.0,
         1.0,
         1.0
      ],
      "shader": 0,
      "specular": 0.5
   },
   "Scene": {
      "count": 4,
      "names": [
         "Ground",
         "Yellow",
         "Red",
         "Blue"
      ]
   },
   "Yellow": {
      "ambient": 0.470000028610229,
      "color": [
         0.653819382190704,
         0.686274528503418,
         0.134563624858856
      ],
      "model": 0,
      "position": [
         3.0,
         1.80000007152557,
         5.0
      ],
      "rotation": [
         0.0,
         0.0,
         0.0
      ],
      "scale": [
         1.0,
         1.0,
         1.0
      ],
      "shader": 0,
      "specular": 0.46000000834465
   }
}
