{
   "Camera": {
      "pitch": 10.5999975204468,
      "position": [
         -0.364563167095184,
         4.14594745635986,
         -18.9997482299805
      ],
      "yaw": 1.60000658035278
   },
   "Cube": {
      "model": 0,
      "position": [
         1.80000007152557,
         0.0,
         0.0
      ],
      "rotation": [
         0.0,
         0.0,
         0.0
      ],
      "scale": [
         1.0,
         1.0,
         1.0
      ],
      "shader": 0
   },
   "Cube1": {
      "model": 0,
      "position": [
         0.0,
         3.0,
         0.0
      ],
      "rotation": [
         0.0,
         0.0,
         0.0
      ],
      "scale": [
         1.0,
         1.0,
         1.0
      ],
      "shader": 0
   },
   "Scene": {
      "count": 2,
      "names": [
         "Cube",
         "Cube1"
      ]
   }
}
